{"New York City": {"loc": [40.71305, -74.00723], "box": [[40.9175, -73.70027], [40.49587, -74.25564]]}, "Cleopatra's needle": {"loc": [40.7764, -73.9861], "box": [[40.78661, -73.97176], [40.7662, -74.00043]]}, "Bronx county": {"loc": [40.82615, -73.92027], "box": [[40.91533, -73.76527], [40.78536, -73.93361]]}, "Kings county": {"loc": [42.55727, -76.64945], "box": [[42.54823, -76.6622], [42.56621, -76.63779]]}, "New York county": {"loc": [41.12658, -73.6996], "box": [[41.20037, -73.62436], [41.05278, -73.77483]]}, "Queens county": {"loc": [40.75978, -73.8173], "box": [[40.80004, -73.71317], [40.72717, -73.85924]]}, "Richmond county": {"loc": [42.82658, -77.52063], "box": [[42.82656, -77.52612], [42.82662, -77.51482]]}, "Boston": {"loc": [42.35899, -71.05863], "box": [[42.40082, -70.7488], [42.22789, -71.19115]]}}