{"New York City": {"loc": [40.71455000000003, -74.00713999999994], "box": [[40.96455000000003, -73.75713999999994], [40.46455000000003, -74.25713999999994]]}, "Cleopatra's needle": {"loc": [40.7964784531607, -73.95881019345023], "box": [[40.7974784531607, -73.95781019345023], [40.795478453160705, -73.95981019345024]]}, "Bronx county": {"loc": [40.84985000000006, -73.86640999999997], "box": [[41.00985000000006, -73.70640999999998], [40.689850000000064, -74.02640999999997]]}, "Kings county": {"loc": [40.650100000000066, -73.94957999999997], "box": [[40.73510000000007, -73.86457999999998], [40.565100000000065, -74.03457999999996]]}, "New York county": {"loc": [40.71455000000003, -74.00713999999994], "box": [[40.96455000000003, -73.75713999999994], [40.46455000000003, -74.25713999999994]]}, "Queens county": {"loc": [40.71150320100003, -73.81994172899994], "box": [[40.87550320100003, -73.65594172899993], [40.547503201000026, -73.98394172899994]]}, "Richmond county": {"loc": [40.58076996900007, -74.15532724299999], "box": [[40.680769969000075, -74.055327243], [40.48076996900007, -74.25532724299998]]}, "Boston": {"loc": [42.35866000000004, -71.05673999999993], "box": [[42.49666000000004, -70.91873999999993], [42.220660000000045, -71.19473999999994]]}}