{"New York City": {"loc": [40.7127753, -74.0059728], "box": [[40.9175771, -73.70027209999999], [40.4773991, -74.25908989999999]]}, "Cleopatra's needle": {"loc": [40.7796358, -73.9653964], "box": [[40.7809847802915, -73.9640474197085], [40.77828681970851, -73.96674538029151]]}, "Bronx county": {"loc": [40.8447819, -73.8648268], "box": [[40.9175771, -73.74806], [40.7857429, -73.933808]]}, "Kings county": {"loc": [40.6781784, -73.9441579], "box": [[40.739446, -73.8333651], [40.551042, -74.05663]]}, "New York county": {"loc": [40.7127753, -74.0059728], "box": [[40.9175771, -73.70027209999999], [40.4773991, -74.25908989999999]]}, "Queens county": {"loc": [40.7282239, -73.7948516], "box": [[40.8122421, -73.70027209999999], [40.4897939, -74.0421119]]}, "Richmond county": {"loc": [40.5795317, -74.1502007], "box": [[40.6518121, -74.0345471], [40.4773991, -74.25908989999999]]}, "Boston": {"loc": [42.3600825, -71.0588801], "box": [[42.40081989999999, -70.749455], [42.22788, -71.191113]]}}