{"New York City": {"loc": [40.71455000000003, -74.00713999999994], "box": [[40.96455000000003, -73.75713999999994], [40.46455000000003, -74.25713999999994]]}, "Cleopatra's needle": {"loc": [40.7964784531607, -73.95881019345023], "box": [[40.7974784531607, -73.95781019345023], [40.795478453160705, -73.95981019345024]]}, "Bronx county": {"loc": [40.84985000000006, -73.86640999999997], "box": [[41.00985000000006, -73.70640999999998], [40.689850000000064, -74.02640999999997]]}, "Kings county": {"loc": [40.650100000000066, -73.94957999999997], "box": [[40.73510000000007, -73.86457999999998], [40.565100000000065, -74.03457999999996]]}, "New York county": {"loc": [40.71455000000003, -74.00713999999994], "box": [[40.96455000000003, -73.75713999999994], [40.46455000000003, -74.25713999999994]]}, "Queens county": {"loc": [40.71150274800004, -73.81994085999997], "box": [[40.875502748000045, -73.65594085999997], [40.54750274800004, -73.98394085999998]]}, "Richmond county": {"loc": [40.580769935000035, -74.15532721799997], "box": [[40.680769935000036, -74.05532721799997], [40.48076993500003, -74.25532721799996]]}, "Boston": {"loc": [42.35866000000004, -71.05673999999993], "box": [[42.49666000000004, -70.91873999999993], [42.220660000000045, -71.19473999999994]]}}