{"New York City": {"loc": [40.71305, -74.00723], "box": [[40.9175, -73.69979], [40.47738, -74.25909]]}, "Cleopatra's needle": {"loc": [40.78384, -73.96555], "box": [[40.80124, -73.94765], [40.76359, -73.98207]]}, "Bronx county": {"loc": [40.82615, -73.92027], "box": [[40.92067, -73.676], [40.77356, -73.95203]]}, "Kings county": {"loc": [40.88435, -73.25377], "box": [[40.93805, -73.14917], [40.84964, -73.30029]]}, "New York county": {"loc": [40.71305, -74.00723], "box": [[40.9175, -73.69979], [40.47738, -74.25909]]}, "Queens county": {"loc": [40.75978, -73.8173], "box": [[40.81214, -73.69979], [40.49063, -74.04208]]}, "Richmond county": {"loc": [40.6997, -73.83455], "box": [[40.71194, -73.81194], [40.68526, -73.85111]]}, "Boston": {"loc": [42.35899, -71.05863], "box": [[42.5001, -70.61734], [42.22157, -71.21573]]}}