{"New York City": {"loc": [40.7308619, -73.9871558], "box": [[40.9161785, -73.7001809], [40.477399, -74.25909]]}, "Cleopatra's needle": {"loc": [40.77963585, -73.96539645], "box": [[40.779683, -73.9653329], [40.7795887, -73.96546]]}, "Bronx county": {"loc": [40.85048545, -73.8404035580209], "box": [[40.9161785, -73.74806], [40.7853322, -73.9336575]]}, "Kings county": {"loc": [40.64530975, -73.9550230275334], "box": [[40.7394026, -73.8335645], [40.5498513, -74.0558455]]}, "New York county": {"loc": [40.7810178, -73.959299675], "box": [[40.882463, -73.9061585], [40.6793188, -74.0472251]]}, "Queens county": {"loc": [40.6524927, -73.7914214158161], "box": [[40.8119497, -73.7001809], [40.4932114, -74.0444159]]}, "Richmond county": {"loc": [40.564209, -74.1253046199539], "box": [[40.651812, -74.0349887], [40.477399, -74.25909]]}, "Boston": {"loc": [42.3602534, -71.0582912], "box": [[42.3969775, -70.8044881], [42.227654, -71.19126]]}}